<?xml version="1.0" encoding="UTF-8"?>
<beans
	xmlns="http://www.springframework.org/schema/beans"
	xmlns:xsi="http://www.w3.org/2001/XMLSchema-instance"
	xmlns:p="http://www.springframework.org/schema/p"
	xsi:schemaLocation="http://www.springframework.org/schema/beans http://www.springframework.org/schema/beans/spring-beans-3.0.xsd">


<bean id="addr1" class="com.gl.beans1.Address">
	<property name="number" value="112/3"></property>
	<property name="street" value="Berlie St"></property>
	<property name="city" value="Bangalore"></property>
	<property name="state" value="Karnataka"></property>
</bean>

<bean id="emp1" class="com.gl.beans1.Employee">
	<property name="empId" value="E001"></property>
	<property name="empName" value="Harsha"></property>
	<property name="empPhone" value="9839399393"></property>
	<property name="empSalary" value="10000"></property>
	<property name="empAddress">
			<ref bean="addr1" />
	</property>
</bean>

</beans>