<?xml version="1.0" encoding="UTF-8"?>
<beans
	xmlns="http://www.springframework.org/schema/beans"
	xmlns:xsi="http://www.w3.org/2001/XMLSchema-instance"
	xmlns:p="http://www.springframework.org/schema/p"
	xsi:schemaLocation="http://www.springframework.org/schema/beans http://www.springframework.org/schema/beans/spring-beans-3.0.xsd">

<bean id="studScore" class="com.gl.beans.SubjectScores">
	<constructor-arg  value="89"></constructor-arg>
	<constructor-arg  value="79"></constructor-arg>
	<constructor-arg  value="69"></constructor-arg>
	<constructor-arg  value="89"></constructor-arg>
</bean>
<bean id="stud1" class="com.gl.beans.Student">
	<constructor-arg value="S001"></constructor-arg>
	<constructor-arg value="Harsha"></constructor-arg>
	<constructor-arg value="RTNagar"></constructor-arg>
	
	<constructor-arg>
				<ref bean="studScore" />
	</constructor-arg>

</bean>

</beans>